<?xml version="1.0" encoding="utf-8"?>
<!DOCTYPE install PUBLIC "-//Joomla! 1.5//DTD template 1.0//EN" "http://dev.joomla.org/xml/1.5/template-install.dtd">
<install version="1.5" type="template">
	<name>mitra_blue</name>
	<creationDate>16 May 2008</creationDate>
	<author>R.Balvardi</author>
	<authorEmail>info@JoomlaShop.be</authorEmail>
	<authorUrl>www.JoomlaShop.be</authorUrl>
	<copyright>(C) Copyright 2007 by JoomlaShop.be</copyright>
	<license>GNU/GPL</license>
	<version>1.0.0</version>
	<description>Software company and IT technology template</description>
	<files>
    <filename>index.php</filename>
    <filename>template_thumbnail.png</filename>
    <filename>index.html</filename>
	<filename>params.ini</filename>
    <filename>images/bac.png</filename>
    <filename>images/arrow.png</filename>
    <filename>images/kopeteavailable.png</filename>
    <filename>images/bac_footer.png</filename>
    <filename>images/bac_h3.png</filename>
    <filename>images/bac_input.png</filename>
    <filename>images/bac_logo.png</filename>
    <filename>images/bac_mod.png</filename>
    <filename>images/bac_search.png</filename>
    <filename>images/bac_top_link.png</filename>
    <filename>images/back.png</filename>
    <filename>images/bot_mod.png</filename>
    <filename>images/button_bg.png</filename>
    <filename>images/index.html</filename>
    <filename>images/left_footer.png</filename>
    <filename>images/left_logo.png</filename>
    <filename>images/left_top_link.png</filename>
    <filename>images/menu_bg.png</filename>
    <filename>images/navi.png</filename>
    <filename>images/readon.png</filename>
    <filename>images/right_footer.png</filename>
    <filename>images/right_logo.png</filename>
    <filename>images/right_search.png</filename>
    <filename>images/right_top_link.png</filename>
    <filename>images/schedule.png</filename>
    <filename>images/spacer.png</filename>
    <filename>images/top_link.png</filename>
    <filename>images/top_mod.png</filename>
    <filename>images/box/bot.png</filename>
    <filename>images/box/bot_left.png</filename>
    <filename>images/box/bot_right.png</filename>
    <filename>images/box/index.html</filename>
    <filename>images/box/left.png</filename>
    <filename>images/box/right.png</filename>
    <filename>images/box/top.png</filename>
    <filename>images/box/top_left.png</filename>
    <filename>images/box/top_right.png</filename>
    <filename>images/indent1.png</filename>
    <filename>images/indent2.png</filename>
    <filename>images/indent3.png</filename>
    <filename>images/indent4.png</filename>
    <filename>css/template_css.css</filename>
    <filename>css/index.html</filename>
	</files>
	<positions>
		<position>left</position>
		<position>right</position>
		<position>user1</position>
		<position>user2</position>
		<position>user3</position>
		<position>user4</position>
		<position>footer</position>
		<position>debug</position>
		<position>syndicate</position>
	</positions>
	<params>
	</params>
</install>