<?xml version="1.0" encoding="iso-8859-1"?>
<install version="1.5" type="template">
	<name>JML_biz</name>
	<creationDate>5/16/08</creationDate>
	<author>JML</author>
	<copyright></copyright>
	<authorEmail></authorEmail>
	<authorUrl></authorUrl>
	<version>1.0</version>
<description>JML_biz Theme.
		<![CDATA[
			<h1>JML_biz Theme</h1>

			<img src="../templates/jml_biz/images/logotm.jpg" /><br />Social Bug  Joomla  Template by Youjoomla.com.<a href="http://www.youjoomla.com">Youjoomla Temlplates Club</a> home page.
<br></br>
			
			<b>Version 1.0.0</b><br />
			<ul>
			<li>Initial Release</li>
			</ul>

			]]></description>	<files>
		<filename>css/iepngfix.htc</filename>
		<filename>css/index.html</filename>
		<filename>images/index.html</filename>
		<filename>src/ie.js</filename>
		<filename>src/ie2.js</filename>
		<filename>src/index.html</filename>
		<filename>src/mootools.v1.1.js</filename>
		<filename>src/sve.js</filename>
		<filename>index.php</filename>
		<filename>settings.php</filename>
		<filename>styleswitcher.php</filename>
		<filename>suckerfish.php</filename>
		<filename>params.ini</filename>
		<filename>tools.php</filename>
	</files>
	<positions>
			<position>top</position>
			<position>header</position>
			<position>footer</position>
			<position>inset</position>
			<position>top</position>
			<position>breadcrumbs</position>
			<position>left</position>
			<position>advert1</position>
			<position>advert2</position>
			<position>advert3</position>
			<position>right</position>
			<position>user1</position>
			<position>user2</position>
			<position>user3</position>
			<position>user4</position>
			<position>user5</position>
			<position>user6</position>
			<position>user7</position>
			<position>user8</position>
			<position>user9</position>
			<position>user10</position>
			<position>cpanel</position>
			</positions>
	<images>
		<filename>css/blank.gif</filename>
		<filename>images/botmod.jpg</filename>
		<filename>images/emailButton.png</filename>
		<filename>images/headbg.jpg</filename>
		<filename>images/indent1.png</filename>
		<filename>images/indent2.png</filename>
		<filename>images/indent3.png</filename>
		<filename>images/indent4.png</filename>
		<filename>images/large.gif</filename>
		<filename>images/linija.gif</filename>
		<filename>images/linija1.gif</filename>
		<filename>images/logo.png</filename>
		<filename>images/logotm.jpg</filename>
		<filename>images/medium.gif</filename>
		<filename>images/midwbg.gif</filename>
		<filename>images/modbg.png</filename>
		<filename>images/narrow.gif</filename>
		<filename>images/password.gif</filename>
		<filename>images/pathouse.png</filename>
		<filename>images/pathway.png</filename>
		<filename>images/pdf_button.png</filename>
		<filename>images/printButton.png</filename>
		<filename>images/searchbg.png</filename>
		<filename>images/sjena1.png</filename>
		<filename>images/sjena2.png</filename>
		<filename>images/small.gif</filename>
		<filename>images/strelica.gif</filename>
		<filename>images/username.gif</filename>
		<filename>images/wide.gif</filename>
		<filename>template_thumbnail.png</filename>
	</images>
	<css>
		<filename>css/layout.css</filename>
		<filename>css/template_css.css</filename>
	</css>
				<params>
			<param name="menuName" type="text" default="mainmenu" label="Default Suckerfish Menu" description="Can be any Joomla menu" />
			<param name="@spacer" type="spacer" default="" label="" description="" />
		
			<param name="templateTools" type="list" default="1" label="Display Template Tools" description="Show/Hide template tools">
<option value="0">No Tools</option>
<option value="1">All Tools</option>
<option value="4">Width and font</option>
<option value="5">Width only</option>
<option value="6">Font only</option>

</param>


<param name="@spacer" type="spacer" default="Site Width" label="Set Default Width" description="Set Default Width" />
<param name="sitewidth" type="radio" default="wide" label="Default Site Width" description="Change Default Site Width">
<option value="wide">1024</option>
<option value="narrow">800</option>
</param>

<param name="@spacer" type="spacer" default="Font Size" label="Set Default Font Size" description="Set Default Font Size" />
<param name="fontsize" type="radio" default="medium" label="Default Font Size" description="Change Default Font Size">
<option value="small">Small</option>
<option value="medium">Medium</option>
<option value="large">Large</option>
</param>


<param name="@spacer" type="spacer" default="SEO Settings" label="" description="" />
            <param name="seo" type="text" default="Joomla Software solutions Template" label="Enter your site description " description="This is SEO part:  Enter your site description here" />
            <param name="tags" type="text" default="Joomla Software, Joomla Templates, Youjoomla" label="Enter,your,site,keywords" description="This is SEO part:   Enter,your,site,keywords,here" />




			</params>
</install>